product_name,price,stock,category_name,sku
AGF Blendy Cafe Latte Stick Rich Matcha Latte,797,1,Beverages,AGF BLENDY CAFE LATTE STICK RICH MATCHA LATTE0800
Sofy Kiyora Sakura Happiness 14cm Panty Liner Refills (72 sheets x 5 pack set),1644,1,Sanitary Products,SOFY KIYORA SAKURA HAPPINESS 14CM PANTY LINER 0801
Free Shipping! Premium Amino Collagen Refill 214g x20 Set,49200,1,Supplements,FREE SHIPPING! PREMIUM AMINO COLLAGEN REFILL 20802
Ikemoto Aging Care Scalp Brush TC1300,1050,1,Health & Beauty,IKEMOTO AGING CARE SCALP BRUSH TC13000803
Hairy Hairy Adult Beautiful Neck Cream 40g,1178,5,Beauty_and_Personal_Care,HAIRY HAIRY ADULT BEAUTIFUL NECK CREAM 40G0804
"Free Shipping Smart Letter Face Lift Sheet, 3 Sets of 10 Sheets, Relieves Shoulder and Lower Back Pain",3000,3,Other,"FREE SHIPPING SMART LETTER FACE LIFT SHEET, 3 0805"
Slim Up Slim Veggie Full Red Smoothie Berry Yogurt Flavor 300g,1470,1,Health Supplement,SLIM UP SLIM VEGGIE FULL RED SMOOTHIE BERRY YO0806
Micro Current Facial Device Kaxa-Lift S MARASIL,5880,1,Beauty Device,MICRO CURRENT FACIAL DEVICE KAXA-LIFT S MARASI0807
Ikimoto Brush Seduce Brushing Brush Red SEN-705,620,1,Hair Care Brush,IKIMOTO BRUSH SEDUCE BRUSHING BRUSH RED SEN-700808
"Spirulina 100% 2400 Tablets, Buy 6 Get 1 Free Supplement BCAA for Veggie Deficiency, Poor Eating Habits, Diet Aid, Superfood Health Food",12696,2,Other,"SPIRULINA 100% 2400 TABLETS, BUY 6 GET 1 FREE 0809"
"DHC Ladies' Care Essence 30-Day Supply, 8 Plant Extracts to Support Rhythmic Balance for Women in 40s & 50s",1360,5,Other,"DHC LADIES' CARE ESSENCE 30-DAY SUPPLY, 8 PLAN0810"
Shiseido Professional Adenovital Eye Lash Serum 6g,1383,6,Beauty/Cosmetics,SHISEIDO PROFESSIONAL ADENOVITAL EYE LASH SERU0811
Orihiro Nattokinase 4000 60 Tablets × 3 Set,5800,1,Health Supplement,ORIHIRO NATTOKINASE 4000 60 TABLETS × 3 SET0812
Shiseido Adenovital Shampoo 250ml [The Hair Care Medicinal Scalp Care],1548,4,Hair Care,SHISEIDO ADENOVITAL SHAMPOO 250ML [THE HAIR CA0813
Fumakiller Allergy Shot Nasal Spray Mist Type 70ml,548,1,Healthcare,FUMAKILLER ALLERGY SHOT NASAL SPRAY MIST TYPE 0814
Elixir Superiel Daycare Revolution T+ with Up to 450 Yen Off Coupon,2297,3,Skincare,ELIXIR SUPERIEL DAYCARE REVOLUTION T+ WITH UP 0815
Elixir Superiel Lift Night Cream W 40g,4125,3,Skincare,ELIXIR SUPERIEL LIFT NIGHT CREAM W 40G0816
Micro Current Facial Lifter & Rejuvenator MARASIL Kaxa-Lift S 6005,5880,1,Beauty Device,MICRO CURRENT FACIAL LIFTER & REJUVENATOR MARA0817
Slim Up Slim Veggie Full Red Smoothie Berry Yogurt Flavor 300g,1470,1,Health Supplement,SLIM UP SLIM VEGGIE FULL RED SMOOTHIE BERRY YO0818
Maruman Shark Cartilage Granules 90 pieces,2025,1,Health Supplement,MARUMAN SHARK CARTILAGE GRANULES 90 PIECES0819
"Touchi Bean Extract 240 Tablets, Set of 6, Free Shipping",6180,1,Other,"TOUCHI BEAN EXTRACT 240 TABLETS, SET OF 6, FRE0820"
Dentifine Rubber Grip Mountain Cut Standard Single Toothbrush,62,1,Health and Beauty,DENTIFINE RUBBER GRIP MOUNTAIN CUT STANDARD SI0821
Mikasa Ball Bag for 1 Ball,1540,1,Sports Equipment,MIKASA BALL BAG FOR 1 BALL0822
Mikasa Ball Bag for 2 Balls (White),2400,1,Sports Equipment,MIKASA BALL BAG FOR 2 BALLS (WHITE)0823
Free Shipping! Amino Collagen Premium Refill 214g x 4 Set,10190,1,Supplements,FREE SHIPPING! AMINO COLLAGEN PREMIUM REFILL 20824
Shiseido Adenovital Scalp Treatment 130g x 2 Bottles,2150,2,Hair Care,SHISEIDO ADENOVITAL SCALP TREATMENT 130G X 2 B0825
Shiseido Adenovital Shampoo 250ml,1548,5,Hair Care,SHISEIDO ADENOVITAL SHAMPOO 250ML0826
Shiseido The Collagen Powder 126g x 24 pieces (1 case),32400,1,Health Supplement,SHISEIDO THE COLLAGEN POWDER 126G X 24 PIECES 0827
Orihiro Deep Sea Shark Cartilage Capsule Value Pack 360 Tablets,1971,1,Health Supplement,ORIHIRO DEEP SEA SHARK CARTILAGE CAPSULE VALUE0828
"Dasmock B 80 Tablets x 5 Set, Seihaito Lung Cleansing Medicine",10695,1,Other,"DASMOCK B 80 TABLETS X 5 SET, SEIHAITO LUNG CL0829"
Shiseido TSUBAKI Premium Repair Mask 180g,998,5,Beauty/Cosmetics,SHISEIDO TSUBAKI PREMIUM REPAIR MASK 180G0830
Fino Premium Touch Penetrating Beauty Liquid Hair Mask 230g Wash-Off Treatment,752,6,Beauty/Cosmetics,FINO PREMIUM TOUCH PENETRATING BEAUTY LIQUID H0831
All Clear Oil Face Wash Specialist Makeup Remover Oil 230mL,902,4,Beauty/Skincare,ALL CLEAR OIL FACE WASH SPECIALIST MAKEUP REMO0832
Special Perfect Whip u 120g,387,4,Skincare,SPECIAL PERFECT WHIP U 120G0833
"Spirulina 100% 2400 Tablets, Buy 6 Get 1 Free Supplement BCAA for Veggie Deficiency, Poor Eating Habits, Diet Aid, Superfood Health Food",12696,1,Other,"SPIRULINA 100% 2400 TABLETS, BUY 6 GET 1 FREE 0834"
Shiseido Authorized Store Genuine Product Elixir Superieur Lift Night Cream W 40g,4125,2,Skincare,SHISEIDO AUTHORIZED STORE GENUINE PRODUCT ELIX0835
"Shiseido Authorized Store Genuine Product Elixir Superieur Day Care Revolution T Plus, Postal Parcel Size Exceeds Home Delivery",2297,2,Other,SHISEIDO AUTHORIZED STORE GENUINE PRODUCT ELIX0836
"Spirulina 100% 2400 Tablets, Buy 6 Get 1 Free Supplement BCAA for Veggie Deficiency, Poor Eating Habits, Diet Aid, Superfood Health Food",12696,1,Other,"SPIRULINA 100% 2400 TABLETS, BUY 6 GET 1 FREE 0837"
"New Year Sale Facial Toner 500,000 Units Sold, Free Shipping, Same Day Shipping, Kassa Plate, Kassa Facial, Microcurrent, High Frequency, Ultrasonic, Ion Introduction, Anti-Wrinkle, Lift Up, Pores, Spots, Sagging, MARASIL-Kassa Lift (Kaxa-lift s)6005",5880,1,Other,"NEW YEAR SALE FACIAL TONER 500,000 UNITS SOLD,0838"
Ipokea EX 18ml x 3 Set Keratin Care Beauty Liquid for Rough Skin & Mole Removal,4702,1,Beauty/Skincare,IPOKEA EX 18ML X 3 SET KERATIN CARE BEAUTY LIQ0839
Micro Current Facial Device Kaxa-Lift S MARASIL,5880,1,Beauty Device,MICRO CURRENT FACIAL DEVICE KAXA-LIFT S MARASI0840
Shiseido Professional The Hair Care Adenovital Scalp Treatment 130g × 2,2138,5,Hair Care,SHISEIDO PROFESSIONAL THE HAIR CARE ADENOVITAL0841
OMRON Upper Arm Blood Pressure Monitor HEM-7131,4380,2,Healthcare Device,OMRON UPPER ARM BLOOD PRESSURE MONITOR HEM-7130842
Tsujiri Kyoto Latte Matcha & Milk 14g (10 pieces),438,8,Food/Beverage,TSUJIRI KYOTO LATTE MATCHA & MILK 14G (10 PIEC0843
Shiseido Elixir Superieur Sleeping Gel Pack W 105g,2617,4,Skincare,SHISEIDO ELIXIR SUPERIEUR SLEEPING GEL PACK W 0844
AQUALABEL Special Gel Cream A (White) All-in-One 90g,1080,1,Skincare,AQUALABEL SPECIAL GEL CREAM A (WHITE) ALL-IN-O0845
Cleansing Research Peeling Lotion 200mL,977,6,Skincare,CLEANSING RESEARCH PEELING LOTION 200ML0846
"Dasmock B 80 Tablets x 5 Set, Seihaito, 2% Off Coupon, Free Shipping",10695,1,Other,"DASMOCK B 80 TABLETS X 5 SET, SEIHAITO, 2% OFF0847"
Shiseido Elixir Superieur Day Care Revolution T+ (SPF50+ PA++++) 35ml Non-Prescription Quasi-Drug [Morning Moisturizer],2536,1,Beauty/Skincare,SHISEIDO ELIXIR SUPERIEUR DAY CARE REVOLUTION 0848
Shiseido Elixir Superieur Lift Night Cream W 40g,4580,1,Skin Care,SHISEIDO ELIXIR SUPERIEUR LIFT NIGHT CREAM W 40849
Shiseido Benefique UV AA Deep Block Essence 50ml (Sunscreen Lotion for Face & Body),3080,1,Beauty & Personal Care,SHISEIDO BENEFIQUE UV AA DEEP BLOCK ESSENCE 500850
DHC Power Food Spirulina 30-Day Supply x 3 Packs (810 Tablets) Chlorophyll Carotenoid Folic Acid Supplement,4579,1,Health_Supplement,DHC POWER FOOD SPIRULINA 30-DAY SUPPLY X 3 PAC0851
Tsujiri Kyoto Latte Matcha & Milk 14g (10 pieces),438,7,Food/Beverage,TSUJIRI KYOTO LATTE MATCHA & MILK 14G (10 PIEC0852
"Dasmock B 80 Tablets x 5 Set, Seihaito Lung Cleansing Medicine",10695,1,Other,"DASMOCK B 80 TABLETS X 5 SET, SEIHAITO LUNG CL0853"
Touchi Bean Extract Pills 240 Tablets 6 Sets Free Shipping,6180,1,Health Supplements,TOUCHI BEAN EXTRACT PILLS 240 TABLETS 6 SETS F0854
Yugetsu Bijin Yomogi Warmth Patch 6 Pieces,922,5,Health_Supplement,YUGETSU BIJIN YOMOGI WARMTH PATCH 6 PIECES0855
Uji Matcha Collagen,728,6,Supplements,UJI MATCHA COLLAGEN0856
Shiseido Professional The Hair Care Adenovital Shampoo 250ml,1487,6,Hair Care,SHISEIDO PROFESSIONAL THE HAIR CARE ADENOVITAL0857
Shiseido Professional The Hair Care Adenovital Scalp Treatment 130g × 2,2081,3,Hair Care,SHISEIDO PROFESSIONAL THE HAIR CARE ADENOVITAL0858
Shiseido The Collagen High Beauty Active Powder 126g x 24 pieces (1 Case),32500,1,Beauty/Supplement,SHISEIDO THE COLLAGEN HIGH BEAUTY ACTIVE POWDE0859
Shiseido Benefique Bounce Genius,9586,1,Beauty/Cosmetics,SHISEIDO BENEFIQUE BOUNCE GENIUS0860
Ikemoto Seduce A.P Brushing Brush Red,620,1,Hair Care Brush,IKEMOTO SEDUCE A.P BRUSHING BRUSH RED0861
Uskin Pharmaceutical Uskin Bottle 120g,878,1,Health_Supplement,USKIN PHARMACEUTICAL USKIN BOTTLE 120G0862
Fino Premium Touch Penetrating Beauty Liquid Hair Mask,757,1,Hair Care,FINO PREMIUM TOUCH PENETRATING BEAUTY LIQUID H0863
Kaxa Lift S Microcurrent Facial Toner Device,5800,2,Beauty Device,KAXA LIFT S MICROCURRENT FACIAL TONER DEVICE0864
LebeL Luber Material G Brown Shade Brown 1 Piece B-6G 120g,690,3,Cosmetics,LEBEL LUBER MATERIAL G BROWN SHADE BROWN 1 PIE0865
Fumakiller Allergy Block Mist Type,823,1,Healthcare,FUMAKILLER ALLERGY BLOCK MIST TYPE0866
Shiseido Professional Adenovital Eye Lash Serum 6g,1344,6,Beauty/Cosmetics,SHISEIDO PROFESSIONAL ADENOVITAL EYE LASH SERU0867
Dasock B Herbal Cough Medicine 80 Tablets x 3 Set,6750,3,Health Supplement,DASOCK B HERBAL COUGH MEDICINE 80 TABLETS X 3 0868
Deep Sea Shark Liver Oil Capsules,1931,1,Health Supplement,DEEP SEA SHARK LIVER OIL CAPSULES0869
Luber Io Recomin Root Supplement Treatment 1000ml Refill Replacement,3010,1,Hair Care,LUBER IO RECOMIN ROOT SUPPLEMENT TREATMENT 1000870
Lubel Io Ricomint Cleansing Icy Shampoo 1000ml Refill Replacement,3010,1,Hair Care,LUBEL IO RICOMINT CLEANSING ICY SHAMPOO 1000ML0871
Luber Io Essence Forte 100mL,1430,1,Hair Care,LUBER IO ESSENCE FORTE 100ML0872
Luber Io Essence Moist 100ml,1425,1,Hair Care,LUBER IO ESSENCE MOIST 100ML0873
Lubel Io Essence Sleek 100mL,1425,1,Hair Care,LUBEL IO ESSENCE SLEEK 100ML0874
Lebel Pro Edit Careworks CMC Refill Hair Treatment 500ml,3102,1,Hair Care,LEBEL PRO EDIT CAREWORKS CMC REFILL HAIR TREAT0875
Lebel Pro Edit Careworks NMF (Refill/500ml) Hair Care Treatment,3102,1,Hair Care,LEBEL PRO EDIT CAREWORKS NMF (REFILL/500ML) HA0876
Lebel IAU Cell Care 3S Refill for Hair Treatment (1000ml),4180,1,Hair Care,LEBEL IAU CELL CARE 3S REFILL FOR HAIR TREATME0877
Lebel IAU Cell Care 4 Refill 1000ml Hair Treatment,3410,1,Hair Care,LEBEL IAU CELL CARE 4 REFILL 1000ML HAIR TREAT0878
Lebel IAU Cell Care 3M Refill Treatment,4180,1,Hair Care,LEBEL IAU CELL CARE 3M REFILL TREATMENT0879
Lebel IAU Cell Care 2 Refill 500ml Hair Care Treatment,3740,1,Hair Care,LEBEL IAU CELL CARE 2 REFILL 500ML HAIR CARE T0880
Lebel Proedit Float Cleansing Shampoo,1027,2,Hair Care,LEBEL PROEDIT FLOAT CLEANSING SHAMPOO0881
Lebel IAU Cell Care Refill 1000ml Hair Care Treatment,2970,1,Hair Care,LEBEL IAU CELL CARE REFILL 1000ML HAIR CARE TR0882
Lebel Pro Edit Careworks Element Fix Refill 500ml Hair Care Treatment,3102,1,Hair Care,LEBEL PRO EDIT CAREWORKS ELEMENT FIX REFILL 500883
Lebel Pro Edit Careworks PPT Refill 500ml Hair Care Treatment,3102,1,Hair Care,LEBEL PRO EDIT CAREWORKS PPT REFILL 500ML HAIR0884
PureMask Grey Regular Size 15pcs (5packs x 3pcs) Summer Mask Washable Pitta Mask SimilarReusable Economic,1980,1,Healthcare,PUREMASK GREY REGULAR SIZE 15PCS (5PACKS X 3PC0885
Shiseido Serum Noir Non-Whitening Hair Massage Shampoo N 240ml,1887,2,Hair Care,SHISEIDO SERUM NOIR NON-WHITENING HAIR MASSAGE0886
"Shiseido Sercum Noire N Women's Hair Growth Essence 150ml, Special Price Due to Outer Packaging Damage",3198,2,Other,SHISEIDO SERCUM NOIRE N WOMEN'S HAIR GROWTH ES0887
Ikemoto Aging Care Scalp Brush TC1300,1050,5,Health & Beauty,IKEMOTO AGING CARE SCALP BRUSH TC13000888
"Touchi Bean Extract 240 Tablets, Set of 6, Free Shipping",6180,1,Other,"TOUCHI BEAN EXTRACT 240 TABLETS, SET OF 6, FRE0889"
Ikemoto Seduce A.P Brushing Brush Red,620,5,Hair Care Brush,IKEMOTO SEDUCE A.P BRUSHING BRUSH RED0890
Ikemoto Aging Care Scalp Brush TC1300,1050,2,Health & Beauty,IKEMOTO AGING CARE SCALP BRUSH TC13000891
Ikemoto Seduce Hair Brush Blue,620,5,Hair Care,IKEMOTO SEDUCE HAIR BRUSH BLUE0892
Pabron S Gold W Tablets 60,1528,1,Health Supplement,PABRON S GOLD W TABLETS 600893
Orovanine H Ointment 100g,609,1,Pharmaceuticals,OROVANINE H OINTMENT 100G0894
Luber Io Cleansing Clearment 200ml,1232,1,Hair Care,LUBER IO CLEANSING CLEARMENT 200ML0895
"Shiseido Sercum Noire N Women's Hair Growth Essence 150ml, Special Price Due to Outer Packaging Damage",3198,2,Other,SHISEIDO SERCUM NOIRE N WOMEN'S HAIR GROWTH ES0896
"Supplement for Women from 30s, 45-90 Days Supply (3-Piece Set) [FANCL Official]",6400,1,Other,"SUPPLEMENT FOR WOMEN FROM 30S, 45-90 DAYS SUPP0897"
"Medical Device Certified Soft Touch Thermometer for Kids and Babies, Mail Delivery, Anti-Bacterial, Dretec TO-200, Thermal Measurement Case",1480,2,Other,MEDICAL DEVICE CERTIFIED SOFT TOUCH THERMOMETE0898
"Omron Electronic Thermometer MC-687 for Armpit Use, Fast 15-Second Measurement",3264,1,Other,OMRON ELECTRONIC THERMOMETER MC-687 FOR ARMPIT0899
Kaxa Lift S Microcurrent Facial Toner Device,5800,4,Beauty Device,KAXA LIFT S MICROCURRENT FACIAL TONER DEVICE0900
Pabron S Gold W Tablets 60,1528,1,Health Supplement,PABRON S GOLD W TABLETS 600901
Shiseido The Collagen High Beauty Active Powder 126g,1365,1,Health and Beauty Supplement,SHISEIDO THE COLLAGEN HIGH BEAUTY ACTIVE POWDE0902
"Dasmock B 80 Tablets x 5 Set, Seihaito Lung Cleansing Medicine",10695,1,Other,"DASMOCK B 80 TABLETS X 5 SET, SEIHAITO LUNG CL0903"
Perfect Asta Collagen Refill 225g,1404,1,Health_Supplement,PERFECT ASTA COLLAGEN REFILL 225G0904
Paper-thin Kefir Ca+D 120 Tablets New Product Papa Zelly by Oak Pharmaceuticals Same-Day Ship,1383,6,Supplements,PAPER-THIN KEFIR CA+D 120 TABLETS NEW PRODUCT 0905
"Papazell 5, 120 Tablets, 2nd Class Medication",1650,1,Other,"PAPAZELL 5, 120 TABLETS, 2ND CLASS MEDICATION0906"
Shiseido Elixir Superieur Sleeping Gel Pack W 105g (Gel Pack),2536,3,Skincare,SHISEIDO ELIXIR SUPERIEUR SLEEPING GEL PACK W 0907
Shiseido Elixir Superieur Lift Night Cream W 40g,4580,1,Skin Care,SHISEIDO ELIXIR SUPERIEUR LIFT NIGHT CREAM W 40908
Shiseido Adenovital Shampoo,1570,3,Hair Care,SHISEIDO ADENOVITAL SHAMPOO0909
Ayura Kassha Massage Premium Ceramic Plate,3079,1,Health & Beauty,AYURA KASSHA MASSAGE PREMIUM CERAMIC PLATE0910
Allergy Block Mist,600,1,Healthcare,ALLERGY BLOCK MIST0911
Shiseido Adenovital Eye Lash Serum,1346,5,Beauty_and_Skincare,SHISEIDO ADENOVITAL EYE LASH SERUM0912
【50% OFF】Beautiful Princess Exfoliating Scrub Liberta V-Line Anti-Blackheads [Princess Series] himecoto Dark Spot Hyaluronic Acid Removes Old Keratin Dirt Moisturizes Bikini Line,632,1,Beauty/Cosmetics,【50% OFF】BEAUTIFUL PRINCESS EXFOLIATING SCRUB 0913
AHA Cleansing Research Clear Lotion 3-Piece Set with Free Shipping,3157,1,Beauty/Skincare,AHA CLEANSING RESEARCH CLEAR LOTION 3-PIECE SE0914
"Touchi Bean Extract 240 Tablets, Set of 6, Free Shipping",5560,1,Other,"TOUCHI BEAN EXTRACT 240 TABLETS, SET OF 6, FRE0915"
Youth Skin A 120g,831,1,Health_Supplement,YOUTH SKIN A 120G0916
Maruman Shark Cartilage Granules 90 pieces 2% OFF Coupon until 9/5 23:59,2025,1,Health Supplement,MARUMAN SHARK CARTILAGE GRANULES 90 PIECES 2% 0917
Slim Up Slim Veggie Full Red Smoothie Berry Yogurt Flavor 300g,1470,1,Health Supplement,SLIM UP SLIM VEGGIE FULL RED SMOOTHIE BERRY YO0918
Collagen Tripeptide Spirulina Marine Collagen Low MolecularWeight Collagen Supplement Skin Care Fasting Diet Whole Food Protein Rich Health Food,1250,1,Health Supplement,COLLAGEN TRIPEPTIDE SPIRULINA MARINE COLLAGEN 0919
Kobayashi Pharmaceutical Whitening Smigaki Floral Mint 90g,468,5,Health and Beauty,KOBAYASHI PHARMACEUTICAL WHITENING SMIGAKI FLO0920
Kao Biore U Foamy Body Wash Angel Rose Fragrance Pump 600ml,583,4,Beauty & Personal Care,KAO BIORE U FOAMY BODY WASH ANGEL ROSE FRAGRAN0921
Rohto Pharmaceutical Deoco Medicinal Deodorant Roll-On 30ml,715,8,Health and Beauty,ROHTO PHARMACEUTICAL DEOCO MEDICINAL DEODORANT0922
Dasmock B 80 Tablets x 5 Set Seihaito Clear Lung Tonic,10695,1,Health Supplement,DASMOCK B 80 TABLETS X 5 SET SEIHAITO CLEAR LU0923
Stock Limited [Designated OTC Medicine] YouSkin A Service Pack 120g+12g,836,7,Health_Supplement,STOCK LIMITED [DESIGNATED OTC MEDICINE] YOUSKI0924
Lubel Io Cell Care Refill 1000ml,2633,1,Hair Care,LUBEL IO CELL CARE REFILL 1000ML0925
Luber Io Cell Care 2 Refill 500ml,3385,1,Hair Care,LUBER IO CELL CARE 2 REFILL 500ML0926
Shiseido TSUBAKI Premium Repair Mask,940,1,Beauty/Cosmetics,SHISEIDO TSUBAKI PREMIUM REPAIR MASK0927
Max Hyaluronic Acid 8 Piece Set Beauty Supplement with Hyaluronic Acid and Collagen,9288,1,Health Supplement,MAX HYALURONIC ACID 8 PIECE SET BEAUTY SUPPLEM0928
2020 Pitta Mask New Version Made in Japan 5-Pack Set In Stock Ships Immediately Pollen Allergy Countermeasure Gray Regular Size Mask,3800,1,Healthcare,2020 PITTA MASK NEW VERSION MADE IN JAPAN 5-PA0929
Sports Mask PM2.5 Pollen Pneumonia Protection Droplet Infection Protection Corona Mask Replaceable Sheet,2530,1,Health and Beauty,SPORTS MASK PM2.5 POLLEN PNEUMONIA PROTECTION 0930
Perfect Asta Collagen Refill 225g,1404,1,Health_Supplement,PERFECT ASTA COLLAGEN REFILL 225G0931
"Dasmock B 80 Tablets x 5 Set, Seihaito Lung Cleansing Medicine",10695,1,Other,"DASMOCK B 80 TABLETS X 5 SET, SEIHAITO LUNG CL0932"
"Spirulina 100% 2400 Tablets, Buy 6 Get 1 Free Supplement BCAA for Veggie Deficiency, Poor Eating Habits, Diet Aid, Superfood Health Food",12696,2,Other,"SPIRULINA 100% 2400 TABLETS, BUY 6 GET 1 FREE 0933"
Micro Current Facial Lifter & Rejuvenator MARASIL Kaxa-Lift S 6005,5880,1,Beauty Device,MICRO CURRENT FACIAL LIFTER & REJUVENATOR MARA0934
Micro Current Facial Lifter & Rejuvenator MARASIL Kaxa-Lift S 6005,5880,1,Beauty Device,MICRO CURRENT FACIAL LIFTER & REJUVENATOR MARA0935
Shiseido Elixir Superieur Day Care Revolution T+ (SPF50+ PA++++) 35ml Non-Prescription Quasi-Drug [Morning Moisturizer],2536,1,Beauty/Skincare,SHISEIDO ELIXIR SUPERIEUR DAY CARE REVOLUTION 0936
Shiseido Elixir Superieur Lift Moist Emulsion T 130ml 3 Types Non-Medicated Cosmetic,3195,1,Skincare,SHISEIDO ELIXIR SUPERIEUR LIFT MOIST EMULSION 0937
Shiseido Elixir Superieur Lift Moisture Lotion T 170ml,2739,1,Skincare,SHISEIDO ELIXIR SUPERIEUR LIFT MOISTURE LOTION0938
Shiseido Elixir Superieur Lift Night Cream W 40g,4580,1,Skin Care,SHISEIDO ELIXIR SUPERIEUR LIFT NIGHT CREAM W 40939
Orihiro Amino Body Diet Granules,1598,2,Supplements,ORIHIRO AMINO BODY DIET GRANULES0940
Orihiro Zinc PD 120 Tablets 30-Day Supply,338,1,Health Supplement,ORIHIRO ZINC PD 120 TABLETS 30-DAY SUPPLY0941
"DHC Volume Top 30-Day Supply x 2 Set, Free Shipping, High-Quality Ginseng Herb Kombu HT Concentrate Powder Mekabu Supplement, Popular Ranking, Immediate Shipment, Free Shipping, Diet, Health, Beauty, Women, Hair, Shine, Texture, Skin, Anti-Aging, White H",5250,1,Other,"DHC VOLUME TOP 30-DAY SUPPLY X 2 SET, FREE SHI0942"
"Pitta Mask Small Mode, 3PCS, Khaki/Grey/Navy",1280,1,Other,"PITTA MASK SMALL MODE, 3PCS, KHAKI/GREY/NAVY0943"
Lancome La Collection Miniature 5pc Gift Coffret Set (Damaged Box),6045,1,Beauty/Cosmetics,LANCOME LA COLLECTION MINIATURE 5PC GIFT COFFR0944
Shiseido TSUBAKI Premium Repair Mask,940,5,Beauty/Cosmetics,SHISEIDO TSUBAKI PREMIUM REPAIR MASK0945
Kao 8x4 MEN Roll-On Smart Citrus 60ml,534,3,Deodorant,KAO 8X4 MEN ROLL-ON SMART CITRUS 60ML0946
Kao 8x4 Men Roll-On Fragrance-Free 60ml,534,3,Personal Care,KAO 8X4 MEN ROLL-ON FRAGRANCE-FREE 60ML0947
Rohto Pharmaceutical Deoco Medicinal Deodorant Roll-On 30ml,715,1,Health and Beauty,ROHTO PHARMACEUTICAL DEOCO MEDICINAL DEODORANT0948
Maruman Shark Cartilage Granules 90 pieces,2025,1,Health Supplement,MARUMAN SHARK CARTILAGE GRANULES 90 PIECES0949
"Dasmock B 80 Tablets x 5 Set, Seihaito Lung Cleansing Medicine",10695,1,Other,"DASMOCK B 80 TABLETS X 5 SET, SEIHAITO LUNG CL0950"
Natto Kinase [3 Piece Set] Monacolin Onion Skin Extract Natto Kinase Active Garlic Extract Blend 1 Day 8 Pieces/240 Pieces Supplement Ment Fine,4440,2,Supplement,NATTO KINASE [3 PIECE SET] MONACOLIN ONION SKI0951
"Japanese Made PITTA MASK Gray Regular Size, 3-Pack Set, Anti-Pollen Allergy Mask",3300,1,Other,"JAPANESE MADE PITTA MASK GRAY REGULAR SIZE, 3-0952"
Sports Mask PM2.5 Pollen Pneumonia Protection Droplet Infection Protection Corona Mask Replaceable Sheet,2530,1,Health and Beauty,SPORTS MASK PM2.5 POLLEN PNEUMONIA PROTECTION 0953
Fumakiller Allergy Block Ion Spray 160 uses 50ml,860,1,Health and Wellness,FUMAKILLER ALLERGY BLOCK ION SPRAY 160 USES 500954
"Kaxa Lift S Facial Toner with Microcurrent, High Frequency, and Ultrasound for Face Lifting and Rejuvenation",5880,2,Other,"KAXA LIFT S FACIAL TONER WITH MICROCURRENT, HI0955"
Deep Sea Shark Liver Oil Capsules (Squalene 99.6% or more) 1800mg Soft Capsules,12200,1,Supplements,DEEP SEA SHARK LIVER OIL CAPSULES (SQUALENE 990956
"Express Shipping Postage Included, Free Shipping, with Additional Gift, Medicinal Peeling Smoother EX 25g (Non-Prescription Drug)",3080,1,Other,"EXPRESS SHIPPING POSTAGE INCLUDED, FREE SHIPPI0957"
Slim Up Slim Vegi Full Red Smoothie,1490,5,Supplement,SLIM UP SLIM VEGI FULL RED SMOOTHIE0958
Shiseido The Collagen Powder (126g),1380,6,Beauty/Supplement,SHISEIDO THE COLLAGEN POWDER (126G)0959
Chondroitin ZS Tablets [180 tablets],5335,1,Health Supplement,CHONDROITIN ZS TABLETS [180 TABLETS]0960
Entry & Listed Shop Exclusive: Limited Time 7x Points Campaign!! Aktires AHCCα Fine Granules 33 Packs Official AHCC Online Store Free Shipping,19440,1,Health Supplement,ENTRY & LISTED SHOP EXCLUSIVE: LIMITED TIME 7X0961
Gatsby Premium Deodorant Roll-On Fragrance Free 60ml,660,1,Beauty & Personal Care,GATSBY PREMIUM DEODORANT ROLL-ON FRAGRANCE FRE0962
"Ban Deodorant Roll-On Premium Label for Men, Fragrance-Free, 40mL",768,1,Other,"BAN DEODORANT ROLL-ON PREMIUM LABEL FOR MEN, F0963"
Deoko Medicinal Deodorant Roll-On 30mL,825,5,Health and Beauty,DEOKO MEDICINAL DEODORANT ROLL-ON 30ML0964
"Papazell 5 120 Tablets, Second Class Pharmaceutical",1600,5,Other,"PAPAZELL 5 120 TABLETS, SECOND CLASS PHARMACEU0965"
Kiyohime Insecticide Virus Defense Team Air Doctor Portable Set,15000,1,Healthcare,KIYOHIME INSECTICIDE VIRUS DEFENSE TEAM AIR DO0966
DHC Shijimi Power Supplement,2138,2,Supplement,DHC SHIJIMI POWER SUPPLEMENT0967
Perfect Asta Collagen Refill 225g,1404,8,Health_Supplement,PERFECT ASTA COLLAGEN REFILL 225G0968
Ipokea EX Keratin Care Serum 18ml x 3 Set,3980,1,Hair Care,IPOKEA EX KERATIN CARE SERUM 18ML X 3 SET0969
Obagi Derma Power X Stem Lift Cream 50g,9532,1,Cosmetics/Skincare,OBAGI DERMA POWER X STEM LIFT CREAM 50G0970
Obagi Dermaclear Stemsharp Eye Cream 20g,5718,1,Beauty/Cosmetics,OBAGI DERMACLEAR STEMSHARP EYE CREAM 20G0971
Deoko Body Cleansing Soap,770,5,Health and Beauty,DEOKO BODY CLEANSING SOAP0972
"Spirulina 100% 2400 Tablets, Buy 6 Get 1 Free Supplement BCAA for Veggie Deficiency, Poor Eating Habits, Diet Aid, Superfood Health Food",12696,1,Other,"SPIRULINA 100% 2400 TABLETS, BUY 6 GET 1 FREE 0973"
Shiseido Fino Premium Touch Penetrating Beauty Liquid Hair Mask,720,1,Hair Care,SHISEIDO FINO PREMIUM TOUCH PENETRATING BEAUTY0974
Shiseido Elixir Superieur Lift Night Cream W 40g,4580,1,Skin Care,SHISEIDO ELIXIR SUPERIEUR LIFT NIGHT CREAM W 40975
Shiseido Elixir Superieur Sleeping Gel Pack W 105g (Gel Pack),2536,1,Skincare,SHISEIDO ELIXIR SUPERIEUR SLEEPING GEL PACK W 0976
Shiseido Elixir Superieur Day Care Revolution T+ (SPF50+ PA++++) 35ml Non-Prescription Quasi-Drug [Morning Moisturizer],2536,1,Beauty/Skincare,SHISEIDO ELIXIR SUPERIEUR DAY CARE REVOLUTION 0977
Shiseido Benefique UV AA Deep Block Essence 50ml (Sunscreen Lotion for Face & Body),3080,1,Beauty & Personal Care,SHISEIDO BENEFIQUE UV AA DEEP BLOCK ESSENCE 500978
Touchi Bean Extract Pills 240 Tablets 6 Sets Free Shipping,6180,1,Health Supplements,TOUCHI BEAN EXTRACT PILLS 240 TABLETS 6 SETS F0979
Fumakiller Aller Shot Virus Block 160 Uses Set of 10 Pieces Free Shipping Bulk Purchase,8239,1,Healthcare,FUMAKILLER ALLER SHOT VIRUS BLOCK 160 USES SET0980
Butterfly Pea Tea Blue Herb Tea 100g Changing Color Beauty & Health Tea,1692,1,Health Supplement,BUTTERFLY PEA TEA BLUE HERB TEA 100G CHANGING 0981
"Omron HEM-7120 Compact Automatic Upper Arm Blood Pressure Monitor, Simple and Accurate, Lightweight and Portable, Limited Time Sale",3500,1,Other,OMRON HEM-7120 COMPACT AUTOMATIC UPPER ARM BLO0982
Kids Stretchable Leggings for Boys and Girls,549,1,Clothing,KIDS STRETCHABLE LEGGINGS FOR BOYS AND GIRLS0983
Princess Bikini Scrub Libertà V-Line Blackhead [Hime Series] Himecoto Dark Spot Hyaluronic Acid Exfoliating Old Keratin Dirt Moisturizing Bikini Line,1265,3,Beauty_and_Personal_Care,PRINCESS BIKINI SCRUB LIBERTÀ V-LINE BLACKHEAD0984
"Nihon Zoki Seiyaku (Co., Ltd.) ★【Second-class drug】Lackrue 24 tablets ●Eligible for next-day delivery ""Takuetsu"" ●【Takuetsu_Saturday operation】【Takuetsu_Sunday operation】",1370,3,Other,"NIHON ZOKI SEIYAKU (CO., LTD.) ★【SECOND-CLASS 0985"
Ultra Sonic Water Peeling Belulu AquaRufa Facial Steamer Cleansing Ionizer Blackhead Acne Remover Moisturizer Lifting Anti-Aging Pore Care,5000,2,Beauty_and_Skincare,ULTRA SONIC WATER PEELING BELULU AQUARUFA FACI0986
Ultra Sonic Water Peeling Belulu AquaRufa Facial Steamer Cleansing Ionizer Blackhead Acne Remover Moisturizer Lifting Anti-Aging Pore Care,5000,2,Beauty_and_Skincare,ULTRA SONIC WATER PEELING BELULU AQUARUFA FACI0987
Cleverin Stick Pen Type White (2 Weeks x 2) 3 Set Antibacterial Antiviral Deodorizer,3480,1,Healthcare,CLEVERIN STICK PEN TYPE WHITE (2 WEEKS X 2) 3 0988
"Spirulina 100% 2400 Tablets, Buy 6 Get 1 Free Supplement BCAA for Veggie Deficiency, Poor Eating Habits, Diet Aid, Superfood Health Food",12696,1,Other,"SPIRULINA 100% 2400 TABLETS, BUY 6 GET 1 FREE 0989"
"Type-C Fast Charger AC Adapter with Cable, 2A Quick Charge for Android, iPhone, iPad, Game Consoles, and Laptops, PSE Certified, Overseas Compatible",1199,1,Other,"TYPE-C FAST CHARGER AC ADAPTER WITH CABLE, 2A 0990"
Biore Sarara UV Soft & Stretchy Kids Milk (90g),652,1,Beauty_and_Personal_Care,BIORE SARARA UV SOFT & STRETCHY KIDS MILK (90G0991
"Rakuten's Lowest Price Challenge Lebel Matera Hair Color Basic Line Cool Brown Series CB 80g, Hair Dye Coloring Product",565,1,Other,RAKUTEN'S LOWEST PRICE CHALLENGE LEBEL MATERA 0992
"Spirulina 100% 2400 Tablets, Buy 6 Bags Get 1 Free, Supplement for Vegetarian Diet, BCAA, Diet Aid, Superfood",12696,1,Other,"SPIRULINA 100% 2400 TABLETS, BUY 6 BAGS GET 1 0993"
Maruman Shark Cartilage Granules 90 pieces,2025,3,Health Supplement,MARUMAN SHARK CARTILAGE GRANULES 90 PIECES0994
Perfect Asta Collagen Refill 225g,1404,4,Health_Supplement,PERFECT ASTA COLLAGEN REFILL 225G0995
Shiseido The Collagen High-Quality Powder W 126g,1749,6,Health Supplement,SHISEIDO THE COLLAGEN HIGH-QUALITY POWDER W 120996
Shiseido The Collagen High Beauty Powder V 240g x 3 Set,6600,1,Supplements,SHISEIDO THE COLLAGEN HIGH BEAUTY POWDER V 2400997
Shiseido The Haircare Luminogenic Mask 200g,2208,2,Hair Care,SHISEIDO THE HAIRCARE LUMINOGENIC MASK 200G0998
Shiseido Professional Adenovital Eye Lash Serum 6g,1314,5,Beauty/Cosmetics,SHISEIDO PROFESSIONAL ADENOVITAL EYE LASH SERU0999
